Company Name,Employee Name
Davis-Ford,Dr. Keith Walters
Church-Brown,Linda Li
"Gardner, Hunter and Howard",William Graham
Warner PLC,Michael Chapman
"Thomas, Wolfe and Sosa",Charles Campbell
Mitchell-Gardner,Erin Allen
Rowland-Warren,Jodi Cook
"Brennan, Barber and Morgan",Kevin Barnes
"Dickerson, Morris and Stephens",Patricia Day
Trevino-Williams,Timothy Kane
"Combs, Kline and Ross",Kristine Velez
Nichols Group,James Young
"Ford, Johnson and Brown",Michael Rubio
Davis-Booth,John Raymond
"Lamb, Huff and Cole",Henry Gonzalez
"Holmes, Callahan and Fuentes",Andrew Stephens
"Romero, Perkins and Cox",Denise Barnes
Brown-Alexander,Jane Gutierrez
"Flores, Owens and Burns",Shannon Stewart
Hayes-Lopez,Xavier Long
Patel Group,Eric Robinson
Morgan and Sons,Nicole Peters
"Holt, Wallace and Mckee",Christine Williams
Boyer and Sons,Thomas Thompson
Combs Inc,Jason Martin
Goodwin-Williams,William Davis
"Potts, Spencer and Gates",Tamara Pratt
Moore-Cline,Joseph Kelly
Davis-Garcia,Lauren Murray
Johnson Inc,Kara Stanley
"Adkins, Clark and Morales",Joseph Lewis
Richardson-Nichols,Mariah Richmond
"Crawford, Turner and Edwards",Stuart Taylor
Cooke-Lopez,Kenneth Caldwell MD
Kelly LLC,Michael Atkins
Mitchell-Flynn,Christine Tanner
Morales PLC,Sheila Montgomery
Anderson Group,Sarah Lewis
Andrews Inc,Jeff Brown
Garcia-Aguilar,Jerry Joyce
Hale Inc,Joshua Becker
Parker-Gonzalez,Michael Flores
Everett-Price,Matthew Jacobson
Tate and Sons,Megan Mcpherson
Brown-Shields,Christopher Butler
Brooks Inc,Jennifer Barker
"Simmons, Sanchez and Winters",David Archer
Jones-Bentley,Suzanne Johns
"Wagner, Jones and Fernandez",Sandra Vincent
Randall-Brown,Nicholas Clark
"Cook, Torres and Padilla",Natasha Cabrera
Wood Inc,Cory Dickson
"Lopez, Ortiz and Ruiz",Dean Thomas
Bryan Inc,James Perry
Donaldson Ltd,Rebecca Owen
Hawkins-Jefferson,Erica Jones
Adams LLC,April Hunter
Brown and Sons,Leslie Garrett
Freeman LLC,Patrick Miller
Black-Mckee,Joy Bolton
"Gillespie, Curry and Jackson",Joshua Baker
Sanchez-Singleton,Mary Hart
"Brown, Johnson and Patel",Tina Cox
"Alvarado, Douglas and Warren",Lucas Klein
"Love, West and Jones",Joseph Haley
Vaughn and Sons,Rachael Wilson
"Williamson, Larson and Horne",Alexis Crosby
"Miles, Ayala and Webb",Krystal Thompson
Sullivan and Sons,Daniel Roberson
Williams and Sons,Lisa Ross
"Byrd, Dominguez and Lee",William Deleon
Shaw PLC,Brittany Smith
"Lambert, Perkins and Wright",Leslie Conley
Pace-Glass,Steven Maynard
Richardson-Fisher,Troy Wiley
Smith Inc,Marie Castillo
Todd Ltd,Vicki Mendoza
Peck-Haley,Hannah Beasley
Hahn-Scott,Nicole Smith
Curry Ltd,Derek Gutierrez
Guerrero and Sons,John Marshall
Miller PLC,Jessica Stevenson
Roberts-Andrade,Jeffrey Perry
Brown LLC,Erin Miles
Herrera Group,Nancy Andersen
"Malone, Owens and Davis",Nicole Campbell
Foster-Wood,Michael Wade
Huffman PLC,Paula Gordon
"Schwartz, Stanley and Clark",Jennifer Russell
Gilmore-Walker,Joe Baker
"Delacruz, Ramos and Anderson",Andrea Price
Myers and Sons,Laura Raymond
Castro Ltd,Cesar Gray
"Mills, Swanson and Shaffer",Matthew Morrow
"Calhoun, Johnson and Hawkins",Kimberly Mccarthy
Wilson-Bradley,Colin Cobb
Burns and Sons,Mercedes Scott
"Torres, Torres and Poole",Hector Hubbard
"Santos, Johnson and Stevenson",Danny Burton
Gibson and Sons,Erin Murphy
"Alvarado, Gutierrez and Collins",Anne Hart
Soto-Schwartz,Amy Grant
"Smith, Yang and Mcgee",James Jones
"Ray, Hall and Turner",Arthur Robinson
"Richard, Lopez and Ruiz",Jennifer Tapia
Johnson-Richards,Jimmy Henson
Henson Inc,Brittany Hutchinson
Mcguire-Willis,William Mcclain
"Hale, Williams and Nolan",Edwin Rice
Arias LLC,Jonathan Church
"Williams, Bridges and Bowman",Lindsay Sanchez
Armstrong-Mccormick,Keith Bradley
Dean-Faulkner,Erica Avila
Schneider LLC,Stacy Ward
Bailey PLC,Aaron Armstrong
Jennings and Sons,Brenda Diaz
Velez Inc,Madison Mooney
Allen Inc,Susan Gonzales
Harris Group,Lisa Patel
Larson Ltd,Jose Dyer
"Reynolds, Allen and Burns",Amanda Short
Carter LLC,Natalie Stone
Fowler-Benson,Steven Wood
"Pham, Wilson and Guerrero",Dennis Tran
"Gray, Patterson and Thomas",Tara Tanner
"Walker, Calhoun and Garcia",Elizabeth Schroeder
Tanner and Sons,Gary Cook
"Porter, Jensen and Henderson",Dawn Mitchell
Dean PLC,Robert Simmons
Meza Inc,Sandra Hernandez
Collins-Horton,William Palmer
Vaughn-Washington,Jennifer Gibson
"Walker, Arnold and Cunningham",Mrs. Anita Cannon DVM
"Wright, Lewis and Smith",Toni Walters
Cervantes Ltd,Michael Mcmillan
Clements Ltd,Katherine Cooley DDS
Lopez-Kelly,Randy Gonzales
Martinez-Rhodes,Emily Roach MD
Clark and Sons,Edward Kelley
Taylor-Ballard,Susan Adams
Booth-Fry,Anne Rodgers
"Ho, Marshall and Mcgee",Kenneth Wise
Ferguson Group,Ashley Cannon
Barrett LLC,Hunter Austin
Fry Group,Keith Aguilar
Matthews-Harrison,Karla Mason
"Kramer, Guzman and Aguirre",Erik Stewart
Wilson-Roberts,Tracey Best
"Andrade, Smith and Mooney",Tonya Blackburn
Brown and Sons,Victoria Singleton
"Johnston, Allen and Ho",Zachary Becker
Chavez Ltd,Cynthia Solis
Lewis-Shaw,Sharon Bean
Cooper Ltd,Michael Kerr
"Hughes, Castro and Lewis",Michael Soto
"Jefferson, Brown and Barnes",Brianna Rubio
Rodriguez-Rice,Brian Davis
"Yang, Martinez and Hernandez",Melinda Smith
Henderson-Mendoza,Michael Sanchez
Vasquez LLC,Cynthia Armstrong
Allison-Howell,Kyle Garcia
"Wilkinson, Walsh and Gonzalez",Anna Hamilton
Curtis-Nicholson,Steven Hester
Hunt Ltd,Brandon Yates
Marshall-Osborne,Gregory Floyd
Hancock-Ryan,Melanie Bowman
"Rodriguez, Harvey and Kelley",Richard Weber
Stout and Sons,Alex Brown
Clark-Martinez,Thomas Bennett
Hicks Group,William Gonzalez
Clark Group,Kathy Rogers
Espinoza-Day,Ronald Moran
"Smith, Martin and Martinez",Mrs. Melanie Smith
"Herring, Hughes and Carter",Melissa Cross
"Wallace, Conner and Bradshaw",Angela Riley
Powell Inc,Blake Owens
"Santiago, Maxwell and Willis",Charles Smith
"Gibson, Reeves and Gonzalez",Samantha Hill
"Aguilar, Reyes and Sandoval",Robert Church
"Fritz, Crane and Petersen",Mark Murillo
Jones-Anderson,Craig Tucker
Schmidt LLC,Nicole Wheeler
"Owen, Hood and Smith",Darrell Wood
Hess and Sons,Jason Knox
West Inc,Jaclyn Cantrell
Clay-Hurley,Shane Brown
"Savage, Olson and Quinn",Molly Nichols
Garrett-English,Andrew Cook
Goodwin-Hays,Tamara Alvarado
Snyder Ltd,Jared Castillo
Vazquez Ltd,Ralph Roberts
Morrison-Williams,Jeffrey Johnson
Velasquez and Sons,Cody Wu
White Group,Jose Johnson PhD
"Smith, Vazquez and Rose",Tony Thomas
Harrison Ltd,Dr. Timothy Eaton
Hunt LLC,Brooke Patel
George LLC,Catherine Frederick
Campos Group,Douglas Wells
James-Johnson,Angela Roberts
Hunt Group,Molly Morgan
Rivera PLC,Amy Odom
Mann-Reyes,Robert Stuart
"Sheppard, Stone and Saunders",Clinton Harris
Fowler-Zamora,Jenna Booth
"Williams, Burke and Wallace",Justin Thompson
Fitzgerald LLC,Joshua Glass
Johnson-Johnson,Angela Jackson
Page-Sullivan,Jennifer Gordon
Crawford-Robertson,Thomas Gonzalez
Williams PLC,Crystal Vasquez
"Brown, Sweeney and Sandoval",Trevor Stewart
Collins Inc,Jeffrey Hoffman DDS
Russo-Garza,Jacob White
"Porter, Jenkins and Morgan",Sharon Cruz
Gamble and Sons,Mary Garcia
Anderson-Arellano,Jose Davenport
Trujillo-Campos,Benjamin Harris
Hayes LLC,Todd Williams
Allen LLC,Danny Howe
"Chavez, Hernandez and Cervantes",John Figueroa
Brown Group,Phillip Jenkins
Wilson-Gross,Michael Mccoy
Cole-Hull,Timothy Long
"Carroll, Andrews and Weiss",Kari Lynn
Weaver-Green,Allen Mitchell
Malone PLC,Paula Parsons
Acosta-Watts,Jocelyn Crawford
"Weber, Hoover and Smith",Mark Mclaughlin
Gutierrez-Miller,Louis Erickson
Garcia PLC,Jennifer Smith
Palmer-Olson,Steven Taylor
"Harris, Davis and Reynolds",Barbara Casey
Wilson PLC,Emily Olson
Mcclure-Hogan,Nathan Bond
Moore Group,Kim Morris
Carpenter-Johnson,Wendy Hobbs
Gray and Sons,Cynthia Watson
Mcpherson Inc,Lauren Terry
Price Ltd,William Smith
"Casey, Smith and Thomas",Ashley Williams
"Vasquez, Welch and Roberts",Craig Mullins
Ibarra Inc,William Wilson
Diaz-Whitney,William Willis
Sanchez-Gomez,Jacob Terry
Mendez PLC,Tim Ramos
Thomas-Osborn,Julie Holland
"Webb, Boone and Poole",Stephanie Ray
"Reyes, Hernandez and Morgan",Matthew Shepard
"Miller, Hamilton and Hill",Joseph Delgado
Hood and Sons,Linda Berry
Le-Delgado,Kathleen Ramirez
Johnson Group,Kimberly Reyes
Bell LLC,Amy Wells
Lawson LLC,Megan Perez
Landry-Torres,Lisa Shaw
"Williams, Santos and Kennedy",Carla Durham
Burke and Sons,Daniel Smith
"Phelps, Kent and Weber",Lindsey Conley
Meyer-Jones,Mr. Richard Rivera
"Lewis, Carr and Jennings",Lucas Long
Calhoun PLC,Andrew Miller
"Olson, Foster and Miller",Stephen Anthony
"Holmes, Lane and Baker",Paul Wright
Martinez-Patterson,John Williams
Brown-Stewart,Christina Quinn
Wilson Group,Larry Spencer
Spencer Inc,Gregory Anderson
"Moore, Prince and Phillips",Elizabeth Goodman
"Davis, Middleton and Massey",Paul Marshall
Blankenship and Sons,Kimberly Logan
Heath-Odonnell,Diana Jensen
Delgado-Garcia,Theresa Parker
Reyes and Sons,Karl Lloyd
Shelton-Yates,Karen Miller
Bryan-Hampton,Stephanie Thomas
Jones-Koch,Derek Norris
"Todd, Hamilton and Palmer",Joshua Goodman
"Reid, Cunningham and Smith",Olivia Smith
Brown LLC,Whitney Pena
Knight LLC,Marcia Brown
Miller-Schroeder,Susan Davis
"Flores, Williams and Perry",Tiffany Martinez
"Jacobs, Williams and Sanchez",Michael Miller
Chung Group,Jill French
Navarro Inc,Dennis Brown
Kirk-Pace,Ms. Cassandra Galloway
"Decker, Wallace and Mcpherson",Alexander Fischer
"Miller, Hays and Kidd",Kelly Fox
"Davis, Casey and Mason",Brian Cummings
Garcia Inc,Gwendolyn Smith
"Armstrong, Frank and Warner",Carl Stone
"Blair, Montgomery and Lee",Jennifer Mason
"Anderson, Stone and Leonard",Carla Hampton
Diaz Ltd,Anthony Silva
Hall-Johnson,Chelsea Cunningham
Bradshaw Ltd,Ms. Sarah Andrews
"Hughes, Perez and Waller",Carol Richmond
Edwards-Jackson,Steven Henry
"Oliver, Smith and Cordova",James Allen
"Wall, Brown and Rivers",Michael Hoffman
Matthews PLC,Stephanie Rose
"Miller, Myers and Duffy",Donald Quinn
"Carter, Bridges and Peters",Brenda Garcia
"Clark, Brown and Cooper",Christine Osborne
Hernandez-Lewis,Jerome Hubbard
"Blackwell, Tapia and Smith",Jenny White
Fields PLC,Lawrence Cochran
"Reyes, Gray and Erickson",Susan Bond
Gray-Silva,Stephen Sloan
Payne Inc,Susan Zamora
Patel and Sons,Monica Green
Sanchez-Brown,Virginia Gonzalez
James-Haynes,Kenneth Green
"Bennett, Doyle and Davis",Kevin Black
Perez PLC,Amber Clark
Garcia-Best,Maria Griffin
Todd and Sons,Dorothy Mccann
Bell-Ramirez,Noah Robles
Johnson Group,Amy Thomas
Allison-Reynolds,Richard Dunn
Kaufman-Patterson,Micheal Roy
Gray-Novak,Jessica Thompson
"Grant, Lawrence and Mcdonald",Abigail Wilson
Simon-Pennington,Ariel Cruz
Lambert-Jenkins,Maureen Allen
Jackson Group,Richard Booker MD
Hammond PLC,Dennis Bruce
Freeman-Park,Brittany Bruce DVM
Cisneros-Lowe,Alexis Thompson
Herrera Inc,Lauren Oneill
"Ryan, Waters and Mccoy",Michael Myers
Lam LLC,Joanna Gallagher
Williams Inc,Steven Riley
Shaw Ltd,Crystal Gonzalez
"Gonzalez, Nguyen and Tapia",Richard Nguyen
Estrada-Phillips,Zachary Brooks
"Bradshaw, Rodriguez and Wyatt",Matthew Valenzuela
Williams Group,Nicole Young
Brown Ltd,Amanda Hernandez
Greene-Carter,Wayne Diaz
"Martin, Finley and Lara",Jeffrey Robbins
"West, Melton and Ball",Michael Nguyen
Duarte-Mitchell,Kayla Campbell
"Brown, Mathis and Payne",Tanner Ritter
Edwards and Sons,Morgan Taylor
"Dawson, Scott and Smith",Jacob Mcdonald
Brown-Hunt,Jessica Shaw
"Richards, Davis and Nicholson",Debra Romero
Elliott-Duffy,Lauren Brown
Hamilton PLC,Gary Dixon
"Gates, Mayo and Garner",Kevin Berry
Martin PLC,Lynn Hodge
Hoffman Group,Jeremiah Chang
Turner Ltd,Emily Cook
"George, Blanchard and Villanueva",Scott Paul
"Allen, Diaz and Gilbert",Larry Sloan
"Gomez, Gardner and Miller",Brian Ortega
"Anderson, Robles and Smith",Patrick Ashley
"Collins, Horn and Johnson",Joseph Lin
Porter Ltd,Sarah Young
"Moreno, Marshall and Williams",William Mathews
"Elliott, Newman and Sheppard",Lori Smith
Torres-Phillips,William Stewart
Rodriguez-Gray,Brooke Lopez
Cunningham PLC,Henry Walker
Perez-Hernandez,Adam Durham
"Lewis, Miller and Barnett",Jacob Mccoy
"Stout, Robertson and Andrews",Brandon White
Bennett Inc,Loretta Sullivan
Stanton Ltd,Caroline Nelson
Arnold-Williams,Benjamin Craig
"Mccall, Brown and Li",Kimberly Ramsey
"Dickson, Benson and Foley",Donna White
Peters-Black,Phillip Hensley
Rogers Ltd,Amanda Rojas
Smith Ltd,Michelle Price
Wilson Group,Jacob Reynolds
"Williams, Jones and Robertson",Johnathan Brown
Moon-Anderson,Jonathan Davis
Williams Ltd,Deborah Perez
Conway LLC,Katie Stephens
Nunez-Moore,Autumn Gibson
Hill-Obrien,Mrs. Rachel Mcdaniel
Castillo-Barber,Sean Massey
Harvey LLC,Mary Torres
Horne Ltd,Sarah Jimenez
Russell LLC,William Jimenez
"Callahan, Whitehead and Richards",Kristine Martin
"Morris, Smith and Stephens",Tracie Cook MD
"Klein, Bartlett and Smith",Tyler Jenkins
Rivera-Padilla,Gloria Richards
"Harris, Carlson and Kelly",Anthony Wilkins
Matthews-Walter,Michelle Hernandez
Wilkins-Berry,Charles Burns
"Hubbard, Barrett and Castro",Rachel Carr
Martin and Sons,Paula Clarke
"Murray, Vargas and Ferguson",Leah Allen
Sullivan PLC,David Davis
Sherman Inc,Pamela Robertson
Simpson LLC,Andrew Koch
"White, Tucker and Warner",Mackenzie Rogers
Marks Inc,Emily Barker
Thomas Group,Paul Castillo
Warren Group,Adam Evans
"Williams, Yoder and Clarke",Nicole Terrell
Collier Inc,Peter Newman
"Simpson, Quinn and Morse",Linda Herrera
Hill-Rodriguez,Haley Powers
"Foster, Stephens and Wilson",Rebecca Collins
"Coleman, Weeks and Valencia",Stephanie Gibson
Wilson-Sullivan,Ryan Burton
Norman-Horton,Justin Lowe
Gonzalez-Hayes,Mr. Erik Jones
"Meyers, Davis and Cantu",Alexandria Galvan
Stout Ltd,Jennifer Richards
"Blair, Ford and Wilson",Stephanie Johnson
Mcmahon-Santos,Lauren Brown
Kim-Jones,Katherine Rasmussen
Lin LLC,Gina Cook
"Schwartz, Macdonald and Cruz",John Spencer
Carr-Welch,Pam Schultz MD
Becker-Pope,Joy Reynolds
Jones-Collier,Tara Lee
"Lewis, Meyers and Walker",Ashley Serrano
"Henderson, Holloway and Hale",Marvin Cooper
"Hendricks, Cox and Stephens",Mark Nguyen
Huang Group,Kimberly Cummings
"Vaughan, Banks and Krueger",Anthony Morales
Mathis Ltd,Angela Little
Davis-Zavala,William Guerra
Nielsen Group,Angel Allen
"Thomas, Maldonado and Soto",Nathan Wiley
Hebert Inc,Kenneth Davis
Li-Ross,Angela David
Jackson and Sons,Dale Carter
Carter-Ryan,Isaac Harvey
"Browning, Casey and Harris",Terry Lopez
"Estrada, Owens and Hill",Jessica Johnston
"Martin, Sawyer and Hill",Danielle King
Miles-Banks,Brian Cameron
Butler-Harrell,Emily Carter
Rios LLC,Gabriella Jones
"Thompson, Cochran and Reese",Victoria White
Peterson PLC,Ricardo Jones
"Johnson, Trevino and Ross",Matthew Young
Mueller-Robbins,Robert Jackson
"Harrison, Henry and Rocha",Michael Meyer
Wiley-Meyer,Crystal Glover
Pearson-Underwood,Jason Meyers
Johnson and Sons,James Winters
Jones Ltd,Kelly Camacho
Webb-Cole,Shannon Sanchez
Harrison-Mccullough,Danielle Hardy DDS
Davis-Rose,Lisa Thompson
"Graves, Miller and Sawyer",James Mata
Jones Group,Natalie Ford
Smith LLC,Garrett Bauer
Smith-Mcpherson,Brittany Bell
Riggs Inc,Charles Baker
Moore Ltd,Michael Kelly
Nguyen Inc,Mark Lucas
"Clark, Solis and Roman",David Ryan
"Francis, Spencer and Holloway",Paul Petty
"Snyder, Spencer and Ellis",Angela Newman
Rangel-Deleon,Amy Hall
Bryant-Owens,Austin Gray
Hicks PLC,Brad Todd
Porter-Washington,Mr. Sean Conrad
Stanton-Mcfarland,Carl Palmer
Walker-Smith,April Kennedy
Knight-Smith,Maria Hurley
Smith-Harrison,Annette Hartman
"Patrick, Flores and Cruz",Brandon Schultz
Rose-Martinez,Shaun Cannon
"Wilkerson, Davis and Burton",Stephen Drake
Contreras LLC,Erica Estrada
Hughes-Brown,Antonio Wilcox
"Goodman, Rowe and Torres",Jordan Anderson
"Santiago, Harvey and White",Hunter Snyder
Vasquez-Anthony,Alexander Rowe
Green Group,Alexander Austin
Hunter Group,James Mckay
Waters Inc,Christopher Thornton
Holt Group,Alicia English
"Reynolds, Brown and Kent",Kyle Bullock DVM
Moreno Inc,Joseph Cortez
Chavez-Carroll,Madison Anderson
Salas Inc,James Smith
Bass-Collier,Tammy Rose
"Bishop, Brooks and Smith",Natalie Zuniga
Parker-Wilson,Kenneth Henry
Wright-Torres,Michelle Morris
Gonzalez LLC,Samantha Fletcher
Robinson Inc,Joan Beck
Garcia Inc,Richard Watkins
Maldonado and Sons,Alyssa Owens
"Hubbard, Nelson and Thompson",Brittney Fowler
King LLC,David Gardner
Bell PLC,Dr. William Taylor
Wilcox-Bates,Andrea Andrade
"Edwards, Bruce and Martin",Louis Banks
"Castillo, Stephens and Wood",Thomas Thompson
"Schwartz, Ibarra and Miller",James Price
Stevens Inc,Cole Washington
Rose-Campbell,Michael Shields
Lamb-Jimenez,Amy Love
Frank and Sons,Michael Medina
Williams-Henry,Denise Mullins
Johnson-Walker,Sarah Anderson
Davis-Shea,Shelby Graham
Kennedy and Sons,Mary Ball
Kent PLC,Mary Mcclain
Taylor PLC,Jason Williams
Phillips PLC,Brett Lee
Martinez Ltd,Miss Teresa Gonzalez DVM
Carter Ltd,George Ware
Lewis Ltd,Timothy Chandler
"Stewart, Giles and Smith",Keith Schmidt
Arnold-Montoya,Dr. Carrie Guerrero
"Pena, Kaufman and Reyes",Brandon Hall
Barnes Ltd,Christopher Ortega
Nguyen LLC,Jennifer Nelson
Boyer Group,Joseph Parsons
"Nguyen, Greene and Norton",Sally Jones
"Allen, Torres and Patel",Emily Moon
"Stevens, Valdez and Johnson",Matthew Sullivan
Williamson Ltd,Michael Keller
"Preston, Acevedo and Miller",Scott Williams
Watson and Sons,David Wolfe
Galloway LLC,Gary Forbes
Williams-Medina,Veronica Gomez
Jackson-Miles,Michael Miles
Becker-Rangel,Sophia Francis
Rivera Inc,Michael Khan
"Stevens, Lutz and Randolph",Brian Anderson
Parker PLC,Tina Lopez
Little Group,Shannon Lee
Jenkins Inc,Kathleen Bates
"Gardner, Cole and Phillips",Veronica Valdez
"Taylor, Ball and Nichols",Kimberly Jackson
Collins-Harmon,Patrick Reynolds
Robinson and Sons,Theodore Saunders
"Hood, Nguyen and Howard",Mr. Joshua Hernandez
Phillips-Anderson,Sarah Beck
Green PLC,Gail Adams
Martin-Gibson,Jordan Anderson
Norris-Porter,Henry Ochoa
"Martinez, Johnson and Wilkerson",Christopher Mitchell
Kline Inc,Dylan Horn
"Logan, Johnson and Pearson",Jay Crane
Schneider and Sons,Joseph Brown
"Lee, Allen and Horn",Cheryl Cox
Morris PLC,Melissa Ramsey
Davis Ltd,Michael Williams
Anderson LLC,Lawrence Johnson
Clark PLC,Jared Thornton
Barnes and Sons,Kevin Young
Ibarra PLC,Brandon Sanchez
Roman PLC,Robert Meyers
"Thomas, Hernandez and Russell",Michelle Escobar
"Wood, Delacruz and Yang",Michael Thomas DDS
Barnett Ltd,Anthony Ramirez
Callahan Group,Valerie Carter
"Manning, Fleming and Adams",Pamela Rivas
Underwood-Weaver,Kathleen Williams
Baker Ltd,Michael Rhodes
"Deleon, Salas and Cruz",Angela Jackson
Robinson-Robertson,Summer Acevedo
Griffith-Dixon,Luis Johnson IV
Cochran Group,Susan Reyes
Rivera LLC,Nathaniel Wilson
"Cook, Morales and Williams",Claudia Mckinney
"Stewart, Garza and Olson",Ann Waters
Bass-Wilson,Beverly Jones
Schneider-Evans,Wendy Smith
"Banks, Monroe and Davis",Mr. Michael Johnson
Bird-Hernandez,Michelle Waller
Wilson Inc,Joseph Long
"Cole, Collins and Little",Jeremiah Allen
Harrison LLC,Ryan Harris
Holden Ltd,Tanya Rodgers PhD
"Molina, Lane and Hines",David Watson
Davis LLC,Kathleen Brown
Lewis PLC,Lisa Miller
Diaz PLC,Teresa Wilson
Smith Inc,Wendy Graham
"Vasquez, Wilson and Burke",Marissa Thomas
"Baker, Martinez and Browning",Diana Boyle
"Brown, Johnson and Hunter",Megan Hernandez
Ball-Doyle,Kyle King
"Lewis, Noble and Smith",Megan Huang
Jones Inc,Annette Stevenson
"Adams, Johnson and Jones",Mark Santos
"Hicks, Hammond and Casey",Nathan Bowen
Berger-Barrett,Christopher Dean
Garcia PLC,Brian Henry
Simpson Ltd,Albert Acosta
"Escobar, Blair and Johnson",Michael Mckay
Perez-Moore,Traci Roberts
Wallace Group,Gregory Williamson
Roberts-Kirk,Kathleen Herrera
Miller LLC,Kayla Allen
Collier-Watson,Susan Gallagher
Delacruz-Fowler,Sherry Huang
Boyle PLC,Jennifer Marquez
Maynard LLC,Nicholas Washington
Porter PLC,Gregory Lopez
"Shepherd, Wilson and Johnson",Kristen Wilkinson
"Baldwin, Houston and Dean",April Mckinney
Yates and Sons,Kayla Bird DDS
Hayes-Thomas,Walter Gillespie
"Walker, Bryant and Clarke",Yvonne Lopez
Williams and Sons,Seth Rice
Evans-Leon,Erica English
Winters Group,Daniel Morton
Mcintyre-Boyd,Maria Jordan
Mejia-Vaughn,Benjamin Bell
Walker Ltd,Rachel Stevens
Morris PLC,Matthew Rodgers
"Ortega, Kim and Cline",Jean Turner
Guerrero PLC,Timothy Matthews
Wheeler-Rhodes,Dylan Thomas
Guerra-Robertson,Theresa Thomas
"Scott, Valdez and Lopez",Lisa Garcia
Nelson-Burch,Rachel Pena
Allen and Sons,Mark Obrien
Fields-Long,Charles Dodson
Rivera-Diaz,Lynn Hodges
"Stevenson, Cochran and Mcdonald",Julie Ramos
Quinn LLC,Benjamin Perez
Burke-Williams,David Hester
"Flynn, Adams and Nixon",Jenna Schultz
Smith-Adams,Amanda Richards
Allen Group,Sarah Fuentes
Rodriguez-Newton,Cindy Hodges
Ingram-Williams,Danielle Lambert
Smith PLC,Raymond Allen
Ballard-Burns,Nicholas Johnson
"Johnson, Cook and Gonzales",Dennis Lee
Walter-Shannon,Laura Mills
Brewer LLC,Jennifer Hernandez
Scott-Williams,Calvin Mcmillan
Smith-Kelly,Troy Wagner
Mcdonald-Lynn,Rebecca Allen
Johnson-Thomas,Leroy Melton
"Reed, Lee and Rasmussen",Roberto Shelton
Murphy and Sons,Christina Jennings
Aguilar LLC,Nicholas Sherman
"Wilson, Rivera and Jefferson",Theresa Johnson
"Cox, Jones and Murphy",Jamie Calhoun
Fernandez Inc,Jamie Turner
Russo and Sons,Pamela Morris
Chavez Group,Rodney Garcia
Jackson Inc,Michele Sanchez
Gutierrez-Campbell,Jaime Pierce
Hunt-Bailey,Crystal Wu
Scott Ltd,Alexis Bell
"Cook, Carpenter and Robertson",Katherine Holder
Wilson-Murray,Anthony Clark
Mendez-Meyer,Brian Richmond
Johnson LLC,Philip Wood
Hart PLC,Travis Johnson
"Lawson, Goodwin and Bradley",Laurie Watson
Park-Harper,Kevin Lambert
Webb-Scott,Juan Spencer
Marks and Sons,Rodney Hardy
Simpson and Sons,Trevor Henry
Davis-Hoffman,Natalie Williams
Thompson Group,Darlene Armstrong
Howard-Vincent,Blake Hanson
Baker-Ramirez,Jessica Martin
"Sellers, Russell and Cooper",Allen Simmons
Williams Inc,Mario Graham
Richard Ltd,David David
Rodriguez-Lang,Katrina Johnson
"Davis, Velez and Moore",Stephen Castillo
"James, Gay and Morris",Dr. Kelly Townsend
"Harris, Johnson and Jackson",Gregory Brown
Chan-Snyder,Sydney Brown
Lewis-Gray,Andrew Mays
Moran-Acosta,Paul Hernandez
"Golden, Weber and Fox",Patricia Johnson
Lopez and Sons,Alexander Gilbert
"Smith, Bryan and Martin",Jennifer Wilson
Lindsey Ltd,Megan Dunn
Smith Inc,Stephanie Graham
"Jones, Davis and Carlson",Nicole Patterson
Taylor PLC,Jamie Mendoza
"Miller, Walker and Allen",Barbara Williams
Johnston-Cox,Brittney Rosales
"Aguirre, Davidson and Rodriguez",Amanda Jackson
Perry-Hernandez,David Smith
"Anderson, Lane and Short",Taylor Johnson
"Chang, Rodriguez and Neal",Raymond Shepard
Mckay LLC,Evan Doyle
"Reyes, Riley and Hall",Stacey Cervantes
Kennedy-Park,Mark Moreno
Duncan Group,Seth Herrera
Phillips-Woods,Kevin Khan
Klein-Meyer,Susan Hunt
Hughes LLC,Walter Pena
Reyes and Sons,Heather Gallegos
"Oliver, Hughes and Smith",Tara Zamora
"Henry, Wells and Garcia",Brittany Best
Rodriguez Ltd,Craig Raymond
Anderson-Wood,Jennifer Cain
Walton-Brown,Michele Wise
Dickerson-Jarvis,Samantha Jimenez
Johnson and Sons,Marcus Miles
Dyer LLC,Heather Bond
Cisneros-Torres,Heather Miller
Mcguire-Bennett,Jerry Everett
"Barrera, White and Johnson",David Romero
Hanna Inc,Allison Tucker
Smith Group,Eric Turner
"Hebert, Mendoza and Hernandez",Allison Neal
Kelly Inc,Elizabeth Sanchez
"Hunter, Bartlett and Johnson",Teresa Roth
Turner-Charles,Stephanie Smith
"Little, Rodriguez and Li",Jonathan Hopkins
"Howell, Brown and Robinson",Mark Ingram III
Reed Group,Alicia Sandoval
Robles Inc,Mark Mcfarland
Fischer Ltd,Mr. Christopher Cruz
Pierce-Larson,Robert Dixon
"Chung, Lee and Smith",Ian Patton
"Jefferson, Bass and Martin",Robert Moore
Cervantes PLC,John Baldwin
Ortiz PLC,Christopher Fowler
"Gross, Johnson and Williams",Don Harris
Harrison-Rush,Leah Morgan
Jackson-Curry,Andrew Johnson
"Guzman, Jones and Wu",Monica Palmer
Blanchard-Burke,Shawn Huff
Hernandez-Mcfarland,Julie Stein
Davies-Phillips,Carl Thomas
"Mclean, Watts and Willis",Kayla Parker
"Anderson, Jones and Bowen",Mitchell Bernard
Wright and Sons,Joseph West DDS
Bowman and Sons,Mark Jackson
Nelson-Brewer,Albert Beltran
Harris-Bradley,Jennifer Mccormick
Yu Inc,Ricardo Miranda
"Sullivan, Paul and Armstrong",Amanda Rivera
Gregory-Scott,Leon Richmond
"Mitchell, Morgan and Warren",Dorothy Johnson
Galvan-Peterson,Chelsea Alvarez
Obrien-Swanson,Kathleen Hobbs
Arnold-Cole,Randy Alvarez
"Solis, Johnson and Fisher",Zachary Scott
Perez Ltd,Lacey Hardin
Miller and Sons,Judy Craig
"Jennings, Harvey and Hendricks",Peter Mckinney
Hampton Ltd,James Ramos
"Zhang, Jackson and Walter",Gina Gilbert
Valencia Inc,James Taylor
"Serrano, Ali and Moses",Sarah Osborne
Morgan Group,Katrina Johnson
"Goodwin, Jacobson and Roberts",Michelle Reyes
Golden LLC,Todd Foster
Jacobs-Patterson,Sarah Hanson
"Hughes, Richardson and Mccullough",Donna Ramirez
Lopez-James,Latoya Tucker
Trevino-Kelly,Pamela Castro
"Cain, Gonzales and Morales",Annette Decker
Donovan Group,Monique Stokes
"Soto, Mitchell and Farmer",Dennis Holder
Jensen Group,Sydney Potter
Williams PLC,Andrew Daniel
Gonzalez-Miller,Karen Sweeney
"Campbell, Wilcox and Hayes",Brandon Hodge
Miller-Norman,Cynthia Henry
Morton Inc,Bryan Johnson
"Levy, Schmidt and Lawson",Stephanie Carlson
Turner-Atkinson,Brian Mcguire
Friedman Inc,Hayley Conley
Stevenson-Harris,Joshua Mason
Willis-Hanson,Chris Brown
"Woods, Young and Gutierrez",Steven Wade
Castillo-Acosta,Crystal Walker
Roman-Potts,Christopher Morris
Vazquez-Yang,Christine Burton
Hood Inc,Dr. Anthony Khan MD
"Velazquez, Hernandez and Odonnell",Emily Gill
"Martinez, Case and Brown",Heather Mitchell
Chandler-Hughes,Madeline Bush
Mccullough-Clark,Heather Flores
Nguyen-Sullivan,Holly Miller
"Price, Smith and Mendoza",Paul Porter
Davis Inc,Kevin Jordan
"Patrick, Gonzalez and Cox",Adam Barber
"Warren, Kelly and Browning",Dawn King
"Zamora, Quinn and Medina",Anthony Butler
Bryant Inc,Ryan Rush
Villa-Nelson,Colin Arroyo
"Hanna, Navarro and Sparks",Timothy Johnston
"Rosales, Trujillo and Carey",Justin Black
Cohen-Mann,Wendy Martinez
Monroe Inc,Jessica Jordan
Smith-Duke,Amanda Chang
Wells and Sons,Kenneth Johnson
Watson-Walters,Steven Edwards
"Diaz, Martinez and Newman",Nathan Ortiz
"Watts, Baker and Boyd",William Martinez
"Berger, Smith and Park",Gabriela King
Bird-Thomas,Joe Wilson
Shepherd LLC,Carol Cain
Smith-Ponce,Tyler Cherry
"Ellis, Berry and Cooper",Paul Barton
Jackson-Hawkins,Kayla Parker
"Foster, Nash and Golden",Abigail Goodman
Williams-Velez,Tamara Bean
Lopez-Taylor,Marcus Noble
Thomas Inc,Cameron King
Scott-Jackson,Lindsey Sharp
Johnson Inc,Christine Anderson
Williams-Ramos,Sheri Dunn
Forbes-Conner,Ivan Parsons
Anderson-Smith,Angela Pope
Young-Lester,Robert Torres
Duncan-Jones,Kevin Hamilton
"Tran, Benjamin and Gonzalez",Miguel Robinson
Morales-Reyes,Tanya Hernandez
Castillo PLC,Erica Thompson
Allen-Burke,Jonathon Cox
"Smith, Adams and Flores",Jesse Lee
"Patrick, Bradley and Reyes",Craig Jackson
"Stevenson, Young and Stevens",Krystal Ellis
Adams-Oconnor,Mr. James Davis
"Willis, Harris and Nielsen",Louis Mcknight
Morgan LLC,Leon Tucker
"Jones, Tran and Harrington",Lori Villegas
"Ellison, Liu and Gonzales",Joseph Harris
"Smith, Lee and Peterson",Cody Morrison
Parks Group,Ryan King
Price-Warren,Samantha Ramirez
"Hughes, Boone and Martin",Kevin Mercado
Davila Ltd,Elizabeth Johnson
Salas PLC,Amanda Parker
Williamson-Cooke,Sandra Solomon
Coffey-Garcia,Laura Powers
Becker and Sons,James Bush
Williams-Patel,Julia Woods
"Berry, Wiley and Martin",Brittany Herrera
"Price, Conway and James",Michael Baker
Taylor PLC,Sharon Fry
"Smith, Brown and Hall",Justin Campos
Arnold LLC,Brian Wiley
Wright and Sons,Brittany Knox
Butler-Walton,Justin Byrd
"Herrera, Bautista and Salazar",Jason Clark
Wade-Benton,Erik Jordan
Crawford-Perez,Rebecca Carrillo
Cameron-Duncan,Joseph Hall
"Davis, Mckinney and White",Mrs. Susan Young
Dunlap-Hall,Brittany Miles
Johnson-Sullivan,Charles Wilson
Weber-Smith,Andrew Chavez
"Simpson, Griffin and Jordan",Scott Lambert
"Montoya, Ryan and Johnson",Steve Soto
Alexander PLC,Christopher Turner
Peterson-Casey,Martha Moore
Mccarty Ltd,Katelyn Warren
"Clark, Jackson and Kim",Tamara Wagner
"Cohen, Jones and Mason",Tiffany Hodges
Carroll-Bridges,Nicole Munoz
Fox LLC,Joy Stevens
Richards-Watson,Mrs. Joann Johnson
Perry and Sons,Rebekah Shaw
Fernandez-Lara,Jimmy Pena Jr.
"Levine, Jennings and Velazquez",Laura Lang
Lopez Inc,Sandra Brown
Best-Terry,Michael Dixon
Bauer-Young,Evan West
Bryant-Hardin,Felicia Reynolds
Norton Group,Bryan Wilson
Wise-Cook,Michael Gonzalez
"Roman, Thomas and Martinez",Peggy Rangel
"Banks, Rocha and Hudson",Katherine Murphy
"Gutierrez, Armstrong and Figueroa",Lisa Butler
"Stanton, Brown and Salazar",John Martinez
Roberts and Sons,Timothy Ramirez
"Murphy, Johns and Friedman",Casey Hancock
"Morales, Franco and Guzman",Veronica Shelton
Jones-Murphy,Dana Black
"Morris, White and Moore",Maria Guzman
White Group,Tom Ochoa
"Olson, Griffin and Nguyen",Rebecca Richardson
Quinn-Wells,Troy Nguyen
Price PLC,Breanna Young
"Carter, Nelson and Thompson",Austin Dominguez
"Mcpherson, Miller and Long",Barbara Mitchell
"Allen, Ford and Kennedy",Anna Lucas
Walters Inc,Erica Newman
Rodriguez-James,Stuart Holt
Phillips-Beck,Erik King
"Odonnell, Hernandez and Cooper",Brendan Cabrera
"Mclaughlin, Glenn and Guerra",Carrie Mosley
Bauer LLC,Dr. Sheila Jones
"Kim, Roberson and Baker",Melanie Rangel
Johnson PLC,Tami Edwards
"Tanner, Evans and Jones",Jonathan Wilson
"Bennett, Ortiz and Taylor",Penny Cole
Mendez Ltd,Katie Johnson
Turner Group,Kelly Adams
Quinn Ltd,Jeffery Campbell
Torres PLC,Beth Jimenez
"Castillo, Ross and Mckee",Kristen Taylor
Parsons-Abbott,Paula Velez
Nelson-Glover,Edward Morris
Crawford Inc,Steven Anthony
"Henry, Foster and Marshall",Erin Young
"Sloan, Simmons and Edwards",Kaitlyn Golden
Flynn-Lynn,Andrew Chang
Li Group,Mary Morris
Wilson Group,Mark Howard
"Nicholson, Cuevas and Hamilton",Breanna Brooks
Robertson-Phillips,James Salinas
Gutierrez Group,Andrew Keith
Jones-Hughes,Amanda Harris
Cruz LLC,James Dudley
Anderson-Beltran,Walter Woodard
Hampton Inc,Michael Baker
"Hardy, Anderson and Valentine",Tracey Jones
Hodges-King,Mark Brown
Anderson Ltd,Cheyenne Garcia
Taylor-Jefferson,Amanda Evans
Scott PLC,Tiffany Elliott
"Daniel, Hester and Lewis",Jessica Watts
Trujillo LLC,Jeremy Chan
Kelley-Nelson,Neil Robertson
Johnson Inc,Donald Chandler
Brown PLC,Dr. Cynthia Baxter
Brown-Miller,Stephen Hall
Estrada and Sons,Christian Murphy
"Decker, Harrison and Rangel",Alexis Mcclain
"Roberts, Gilbert and Buchanan",Joseph Henderson
Nelson-Gray,Alexis Williams
"Henry, Chase and James",Brett Williams
"Reese, Maldonado and Reese",Jennifer Cross
"Bryant, Morales and Clark",Pamela Brown
Mitchell Group,Chloe Lopez
Davis-Reyes,Marie Adkins
Salinas-Rodriguez,Jennifer Hicks
Chen LLC,Angela Bright MD
Brennan Ltd,Jessica Harris
Hudson-Avery,Tammy Bradford
Ochoa Inc,Dr. Robert Keller
Nicholson-Smith,Christopher Cardenas
"Espinoza, Wilkerson and Keller",Donna Long
"Stewart, Costa and Mendoza",Ricky Marquez
"Walker, Johnson and Bell",Rodney Reid
Kennedy-Diaz,Jeffery Morris
Thomas Inc,Andrew Pace
Flores LLC,Brittany Mason
"Meza, Moss and Mueller",Robert Nguyen
"Young, Petty and Briggs",Erika Williams
Lewis Inc,Joshua Robbins
"Garcia, Campbell and Goodman",Jason Trujillo
Riley LLC,Michele Rhodes
Rogers PLC,Arthur Robbins
Stuart-Reyes,Austin Johnson
"Tran, Thomas and Curry",Christopher Baker
Zavala-Smith,Mark Garcia
"Webb, Salas and Brewer",Judy Moore
"Rivera, Brown and Green",Felicia Sanchez
Lindsey-Bray,Emily Calderon
Campos-Summers,Stephanie Scott
Ray PLC,James Brooks
"Daniel, Lee and Patterson",Katrina Carlson MD
Santos-Brown,Sharon Kim
Murphy LLC,Jennifer Arias
Koch Ltd,Veronica Simpson
"Whitehead, Johnson and Johnson",Deborah Fuller
"Huffman, Ramirez and Lee",Travis Zimmerman
Mcintyre Inc,Craig Garcia
Hernandez-Davis,Benjamin Roberts
"Hawkins, King and Moody",Kenneth Vaughn
Kirk-Davis,Robert Holmes
"Black, Velazquez and Russell",Brian Smith
"Pollard, Norman and Mills",David Lee
Sullivan-Moreno,Melissa Smith
Peters LLC,Elaine Vargas
Sanders LLC,Rick Duncan
"Hayes, Gardner and Gutierrez",Casey Guzman DDS
Warner and Sons,Tyler Gomez
"Davis, Parker and Taylor",Kristen Benson
Butler Inc,Mrs. Carol Perry DVM
Lewis PLC,Timothy Martinez
Deleon Ltd,Brenda Smith
"Montgomery, Weaver and Best",Paul Fischer
Hayden Inc,Nicole Robinson
Anderson LLC,Robert Hayes
"Rice, Stein and Wood",Lisa Pacheco
Burch and Sons,Autumn Matthews
"Reed, Davis and Henson",Brian Sanchez
"Maldonado, Tanner and Sullivan",Jorge Martinez
Lynch-Kelley,Adriana Haynes
Johnson-Howard,Elizabeth Harper
